"iconst","coef","iname",
26,2,19,
26,-1,13,
27,1,57,
27,-1,13,
30,2,48,
30,1,42,
30,-2,57,
31,2,42,
31,-1,57,
32,3,48,
32,-2,57,
33,2,42,
33,1,59,
33,-2,57,
36,1,48,
36,1,42,
36,1,59,
36,-2,57,
37,2,48,
37,1,57,
37,-2,59,
38,2,13,
44,2,59,
44,1,42,
44,-2,57,
41,1,57,
41,1,42,
41,-1,59,
45,1,13,
45,1,19,
50,1,48,
50,1,59,
50,-1,57,
51,1,48,
51,2,59,
51,-2,57,
52,2,57,
52,1,42,
52,-1,48,
52,-1,59,
55,2,57,
55,-1,59,
60,1,48,
60,1,57,
60,-1,42,
62,2,59,
62,1,48,
62,-1,57,
62,-1,42,
63,2,57,
63,-1,48,
64,2,48,
64,1,57,
64,-2,42,
65,1,57,
65,1,59,
65,-1,48,
66,2,57,
66,-1,42,
67,1,42,
67,1,13,
68,1,48,
68,1,13,
70,1,42,
70,1,21,
71,1,57,
71,1,13,
72,1,48,
72,1,21,
73,1,57,
73,1,19,
74,1,57,
74,1,21,
75,2,48,
75,1,42,
75,-1,57,
76,2,42,
77,3,48,
77,-1,57,
78,1,48,
78,1,57,
78,1,42,
78,-1,59,
79,1,48,
79,1,42,
81,2,48,
81,1,57,
81,-1,59,
80,1,48,
80,1,42,
80,1,59,
80,-1,57,
82,2,48,
83,2,48,
83,1,59,
83,-1,57,
84,1,57,
84,1,42,
85,1,59,
85,1,42,
86,1,48,
86,1,57,
87,1,48,
87,1,59,
88,1,57,
88,1,54,
89,2,57,
90,1,57,
90,1,59,
91,1,48,
91,1,42,
91,1,13,
92,2,48,
92,1,13,
93,3,48,
93,-1,19,
94,1,48,
94,1,42,
94,1,21,
95,2,48,
95,1,19,
96,2,48,
96,1,21,
97,1,48,
97,1,57,
97,1,21,
98,1,59,
98,1,21,
98,1,48,
99,2,57,
99,1,21,
100,3,42,
100,1,59,
100,-1,57,
101,2,42,
101,1,48,
102,2,42,
102,1,48,
102,1,59,
102,-1,57,
105,3,48,
105,1,57,
105,-1,59,
103,2,48,
103,1,42,
104,2,48,
104,1,42,
104,1,59,
104,-1,57,
106,3,48,
107,1,48,
107,1,57,
107,1,42,
108,1,48,
108,1,59,
108,1,42,
110,2,48,
110,1,57,
111,2,48,
111,1,59,
112,1,42,
112,1,57,
112,1,59,
113,2,57,
113,1,48,
114,1,48,
114,1,57,
114,1,59,
109,2,48,
109,2,57,
109,-1,59,
115,3,57,
116,2,48,
116,1,42,
116,1,13,
117,2,42,
117,1,48,
117,1,21,
118,3.5,48,
119,2,48,
119,1,57,
119,1,13,
120,3,48,
120,1,21,
121,1,48,
121,1,57,
121,1,59,
121,1,13,
122,2,48,
122,2,42,
123,3,48,
123,1,42,
124,3,48,
124,1,42,
124,1,59,
124,-1,57,
125,4,48,
126,2,48,
126,1,57,
126,1,42,
127,2,48,
127,1,42,
127,1,59,
128,3,48,
128,1,57,
129,3,48,
129,1,59,
130,1,48,
130,1,57,
130,1,42,
130,1,59,
131,2,48,
131,2,57,
132,2,48,
132,1,57,
132,1,59,
133,2,48,
133,2,42,
133,1,21,
134,3,48,
134,1,42,
134,1,21,
135,4,48,
135,1,21,
136,3,48,
136,1,57,
136,1,21,
137,4,48,
137,1,42,
138,5,48,
139,3,48,
139,1,42,
139,1,57,
140,4,48,
140,1,57,
141,2,48,
141,1,42,
141,1,57,
141,1,59,
142,3,48,
142,2,57,
143,4,48,
143,1,57,
143,1,21,
144,6,48,
145,5,48,
145,1,57,
146,3,48,
146,1,42,
146,1,59,
146,1,57,

